team_name,team_seed,region,r6,r6_low,r6_high,r6_path_alt,r6_path_low,r6_path_high,public_pct,public_pct_display,ownership_tier,conf_tier_r6,conf_type,floor_applied,path_dependent,data_source,ev_10,ev_low_10,ev_high_10,ev_path_alt_10,ev_25,ev_low_25,ev_high_25,ev_path_alt_25,ev_50,ev_low_50,ev_high_50,ev_path_alt_50,ev_100,ev_low_100,ev_high_100,ev_path_alt_100,ev_250,ev_low_250,ev_high_250,ev_path_alt_250,ev_500,ev_low_500,ev_high_500,ev_path_alt_500,ev_1000,ev_low_1000,ev_high_1000,ev_path_alt_1000,ev_5000,ev_low_5000,ev_high_5000,ev_path_alt_5000
Michigan,1,Midwest,0.169697,0.1405,0.1989,0.2105233921767531,0.169697,0.2105233921767531,0.13699999999999998,13.7,HIGH,HIGH,C,N,Y,CBS Sports bracket data,1.464485,1.212515,1.716507,1.816817,3.661213,3.031288,4.291268,4.542042,7.322426,6.062575,8.582535,9.084084,14.644851,12.125150,17.165070,18.168169,36.612128,30.312875,42.912675,45.420422,73.224255,60.625750,85.825350,90.840844,146.448511,121.251500,171.650700,181.681687,732.242555,606.257500,858.253500,908.408437
Arizona,1,West,0.17057,0.1414,0.1997,0.17057,0.17057,0.17057,0.21899999999999997,21.9,HIGH,HIGH,B,N,N,CBS Sports bracket data,1.332152,1.104334,1.559657,1.332152,3.330379,2.760835,3.899142,3.330379,6.660758,5.521670,7.798285,6.660758,13.321517,11.043340,15.596570,13.321517,33.303793,27.608350,38.991425,33.303793,66.607585,55.216700,77.982850,66.607585,133.215170,110.433400,155.965700,133.215170,666.075850,552.167000,779.828500,666.075850
Duke,1,East,0.165853,0.1367,0.195,0.165853,0.165853,0.165853,0.292,29.2,HIGH,HIGH,B,N,N,CBS Sports bracket data,1.174239,0.967836,1.380600,1.174239,2.935598,2.419590,3.451500,2.935598,5.871196,4.839180,6.903000,5.871196,11.742392,9.678360,13.806000,11.742392,29.355981,24.195900,34.515000,29.355981,58.711962,48.391800,69.030000,58.711962,117.423924,96.783600,138.060000,117.423924,587.119620,483.918000,690.300000,587.119620
Florida,1,South,0.105528,0.0764,0.1347,0.105528,0.105528,0.105528,0.038260999999999996,3.8261,LOW_OWN,HIGH,B,N,N,odds-proportional estimate,1.014904,0.734769,1.295462,1.014904,2.537260,1.836921,3.238656,2.537260,5.074520,3.673843,6.477312,5.074520,10.149039,7.347686,12.954624,10.149039,25.372598,18.369215,32.386561,25.372598,50.745197,36.738430,64.773122,50.745197,101.490393,73.476860,129.546243,101.490393,507.451966,367.384298,647.731216,507.451966
Houston,2,South,0.069006,0.0553,0.0828,0.1057370622132136,0.069006,0.1057370622132136,0.028418000000000002,2.8418,LOW_OWN,HIGH,C,N,Y,odds-proportional estimate,0.670450,0.537285,0.804470,1.027322,1.676125,1.343212,2.011175,2.568306,3.352249,2.686424,4.022349,5.136611,6.704499,5.372848,8.044699,10.273223,16.761247,13.432121,20.111747,25.683057,33.522494,26.864242,40.223495,51.366113,67.044987,53.728485,80.446990,102.732226,335.224937,268.642423,402.234948,513.661132
Iowa State,2,Midwest,0.041946,0.0282,0.0557,0.07985427578769319,0.041946,0.07985427578769319,0.021788,2.1788,LOW_OWN,HIGH,C,N,Y,odds-proportional estimate,0.410321,0.275856,0.544864,0.781144,1.025802,0.689639,1.362160,1.952860,2.051604,1.379279,2.724320,3.905721,4.103208,2.758558,5.448641,7.811441,10.258020,6.896395,13.621602,19.528603,20.516040,13.792789,27.243204,39.057205,41.032081,27.585578,54.486408,78.114411,205.160403,137.927892,272.432042,390.572054
Illinois,3,South,0.039034,0.0267,0.0514,0.061730348684848405,0.039034,0.061730348684848405,0.019060999999999998,1.9061,LOW_OWN,HIGH,NA,N,Y,odds-proportional estimate,0.382900,0.261911,0.504203,0.605537,0.957249,0.654777,1.260507,1.513843,1.914499,1.309554,2.521013,3.027685,3.828997,2.619107,5.042026,6.055371,9.572493,6.547768,12.605066,15.138427,19.144986,13.095536,25.210132,30.276853,38.289973,26.191071,50.420265,60.553707,191.449865,130.955356,252.101323,302.768533
Purdue,2,West,0.031526,0.0178,0.0453,0.05918530559276221,0.031526,0.05918530559276221,0.017493,1.7493,LOW_OWN,HIGH,C,N,Y,odds-proportional estimate,0.309745,0.174886,0.445076,0.581500,0.774363,0.437216,1.112689,1.453749,1.548726,0.874431,2.225378,2.907499,3.097452,1.748862,4.450757,5.814998,7.743629,4.372156,11.126892,14.537494,15.487258,8.744312,22.253784,29.074989,30.974516,17.488625,44.507567,58.149977,154.872578,87.443123,222.537835,290.749885
UConn,2,East,0.029371,0.0156,0.0431,0.0570117166595886,0.029371,0.0570117166595886,0.017493,1.7493,LOW_OWN,HIGH,C,N,Y,odds-proportional estimate,0.288572,0.153271,0.423461,0.560144,0.721430,0.383178,1.058651,1.400360,1.442861,0.766355,2.117303,2.800721,2.885721,1.532711,4.234605,5.601441,7.214303,3.831777,10.586513,14.003603,14.428607,7.663555,21.173026,28.007205,28.857213,15.327109,42.346052,56.014411,144.286065,76.635546,211.730258,280.072054
Michigan St,3,East,0.013656,0.0013,0.026,0.026751432849503435,0.013656,0.026751432849503435,0.015467,1.5467,LOW_OWN,HIGH,NA,N,Y,odds-proportional estimate,0.134448,0.012799,0.255979,0.263377,0.336120,0.031997,0.639946,0.658442,0.672239,0.063995,1.279893,1.316883,1.344478,0.127989,2.559786,2.633767,3.361196,0.319973,6.399464,6.584417,6.722391,0.639946,12.798929,13.168834,13.444783,1.279893,25.597858,26.337668,67.223913,6.399464,127.989290,131.688342
Arkansas,4,West,0.013429,0.0046,0.0222,0.013429,0.013429,0.013429,0.007896,0.7896,NEAR_ZERO,HIGH,NA,N,N,odds-proportional estimate,0.133230,0.045637,0.220247,0.133230,0.333074,0.114092,0.550618,0.333074,0.666148,0.228184,1.101235,0.666148,1.332296,0.456368,2.202471,1.332296,3.330741,1.140920,5.506177,3.330741,6.661482,2.281839,11.012354,6.661482,13.322965,4.563678,22.024709,13.322965,66.614823,22.818392,110.123544,66.614823
Gonzaga,3,West,0.013429,0.0011,0.0258,0.0263903831715357,0.013429,0.0263903831715357,0.017493,1.7493,LOW_OWN,HIGH,NA,N,Y,odds-proportional estimate,0.131941,0.010808,0.253487,0.259287,0.329852,0.027019,0.633717,0.648218,0.659704,0.054038,1.267434,1.296437,1.319409,0.108076,2.534868,2.592874,3.298522,0.270189,6.337170,6.482184,6.597043,0.540379,12.674340,12.964368,13.194087,1.080758,25.348681,25.928736,65.970433,5.403789,126.743403,129.643681
Kansas,4,East,0.012511,0.0037,0.0213,0.012511,0.012511,0.012511,0.010915999999999999,1.0916,LOW_OWN,HIGH,NA,N,N,odds-proportional estimate,0.123744,0.036596,0.210675,0.123744,0.309361,0.091490,0.526687,0.309361,0.618721,0.182981,1.053374,0.618721,1.237443,0.365961,2.106749,1.237443,3.093607,0.914903,5.266872,3.093607,6.187215,1.829805,10.533745,6.187215,12.374430,3.659611,21.067489,12.374430,61.872150,18.298054,105.337446,61.872150
Vanderbilt,5,South,0.011845,0.0118,0.0118,0.011845,0.011845,0.011845,0.007896,0.7896,NEAR_ZERO,HIGH,NA,N,N,odds-proportional estimate,0.117515,0.117068,0.117068,0.117515,0.293787,0.292671,0.292671,0.293787,0.587574,0.585341,0.585341,0.587574,1.175147,1.170683,1.170683,1.175147,2.937868,2.926707,2.926707,2.937868,5.875736,5.853414,5.853414,5.875736,11.751472,11.706827,11.706827,11.751472,58.757359,58.534136,58.534136,58.757359
Virginia,3,Midwest,0.010526,0.0,0.0229,0.024999054424224405,0.010526,0.024999054424224405,0.010915999999999999,1.0916,LOW_OWN,HIGH,NA,N,Y,odds-proportional estimate,0.104111,0.000000,0.226500,0.247262,0.260277,0.000000,0.566251,0.618154,0.520555,0.000000,1.132501,1.236308,1.041110,0.000000,2.265002,2.472616,2.602775,0.000000,5.662506,6.181541,5.205549,0.000000,11.325012,12.363082,10.411098,0.000000,22.650024,24.726165,52.055491,0.000000,113.250118,123.630824
St John's,5,East,0.01007,0.0101,0.0101,0.01007,0.01007,0.01007,0.012718,1.2718,LOW_OWN,HIGH,NA,N,N,odds-proportional estimate,0.099419,0.099715,0.099715,0.099419,0.248548,0.249289,0.249289,0.248548,0.497096,0.498577,0.498577,0.497096,0.994193,0.997155,0.997155,0.994193,2.485482,2.492887,2.492887,2.485482,4.970965,4.985774,4.985774,4.970965,9.941930,9.971548,9.971548,9.941930,49.709649,49.857741,49.857741,49.709649
Wisconsin,5,West,0.008107,0.0081,0.0081,0.008107,0.008107,0.008107,0.0067659999999999994,0.6766,NEAR_ZERO,HIGH,NA,N,N,odds-proportional estimate,0.080521,0.080452,0.080452,0.080521,0.201304,0.201130,0.201130,0.201304,0.402607,0.402260,0.402260,0.402607,0.805215,0.804520,0.804520,0.805215,2.013037,2.011299,2.011299,2.013037,4.026074,4.022598,4.022598,4.026074,8.052148,8.045195,8.045195,8.052148,40.260740,40.225977,40.225977,40.260740
Nebraska,4,South,0.007448,0.0,0.0162,0.007448,0.007448,0.007448,0.005106,0.5106,NEAR_ZERO,HIGH,NA,N,N,odds-proportional estimate,0.074100,0.000000,0.161173,0.074100,0.185249,0.000000,0.402932,0.185249,0.370499,0.000000,0.805864,0.370499,0.740997,0.000000,1.611728,0.740997,1.852493,0.000000,4.029321,1.852493,3.704985,0.000000,8.058641,3.704985,7.409971,0.000000,16.117283,7.409971,37.049853,0.000000,80.586414,37.049853
Texas Tech,5,Midwest,0.006061,0.0061,0.0061,0.006061,0.006061,0.006061,0.0067659999999999994,0.6766,NEAR_ZERO,HIGH,NA,N,N,odds-proportional estimate,0.060200,0.060587,0.060587,0.060200,0.150500,0.151468,0.151468,0.150500,0.301000,0.302936,0.302936,0.301000,0.601999,0.605873,0.605873,0.601999,1.504998,1.514682,1.514682,1.504998,3.009996,3.029364,3.029364,3.009996,6.019991,6.058727,6.058727,6.019991,30.099956,30.293637,30.293637,30.099956
Tennessee,6,Midwest,0.006061,0.0,0.0123,0.014416812158451373,0.006061,0.014416812158451373,0.010915999999999999,1.0916,LOW_OWN,HIGH,NA,N,Y,odds-proportional estimate,0.059948,0.000000,0.121657,0.142594,0.149871,0.000000,0.304143,0.356486,0.299742,0.000000,0.608287,0.712972,0.599484,0.000000,1.216573,1.425944,1.498710,0.000000,3.041433,3.564860,2.997419,0.000000,6.082867,7.129719,5.994838,0.000000,12.165733,14.259438,29.974191,0.000000,60.828666,71.297191
Louisville,6,East,0.005035,0.0,0.0113,0.005035,0.005035,0.005035,0.00963,0.963,NEAR_ZERO,HIGH,NA,N,N,odds-proportional estimate,0.049865,0.000000,0.111912,0.049865,0.124663,0.000000,0.279780,0.124663,0.249326,0.000000,0.559559,0.249326,0.498651,0.000000,1.119118,0.498651,1.246628,0.000000,2.797795,1.246628,2.493256,0.000000,5.595590,2.493256,4.986513,0.000000,11.191181,4.986513,24.932565,0.000000,55.955905,24.932565
Alabama,4,Midwest,0.004386,0.0,0.0132,0.004386,0.004386,0.004386,0.012718,1.2718,LOW_OWN,HIGH,NA,N,N,odds-proportional estimate,0.043302,0.000000,0.130321,0.043302,0.108255,0.000000,0.325803,0.108255,0.216511,0.000000,0.651606,0.216511,0.433022,0.000000,1.303212,0.433022,1.082555,0.000000,3.258031,1.082555,2.165109,0.000000,6.516061,2.165109,4.330219,0.000000,13.032122,4.330219,21.651094,0.000000,65.160612,21.651094
UCLA,7,East,0.004196,0.0,0.0104,0.004196,0.004196,0.004196,0.005961999999999999,0.5962,NEAR_ZERO,HIGH,NA,N,N,odds-proportional estimate,0.041710,0.000000,0.103380,0.041710,0.104275,0.000000,0.258450,0.104275,0.208549,0.000000,0.516900,0.208549,0.417098,0.000000,1.033800,0.417098,1.042746,0.000000,2.584499,1.042746,2.085492,0.000000,5.168998,2.085492,4.170983,0.000000,10.337995,4.170983,20.854917,0.000000,51.689976,20.854917
Kentucky,7,Midwest,0.00319,0.0,0.0094,0.00319,0.00319,0.00319,0.007896,0.7896,NEAR_ZERO,HIGH,NA,N,N,odds-proportional estimate,0.031648,0.000000,0.093258,0.031648,0.079120,0.000000,0.233144,0.079120,0.158241,0.000000,0.466289,0.158241,0.316481,0.000000,0.932578,0.316481,0.791203,0.000000,2.331444,0.791203,1.582406,0.000000,4.662889,1.582406,3.164812,0.000000,9.325778,3.164812,15.824059,0.000000,46.628888,15.824059
Ohio State,8,East,0.003052,0.0,0.0093,0.003052,0.003052,0.003052,0.005106,0.5106,NEAR_ZERO,HIGH,NA,N,N,odds-proportional estimate,0.030364,0.000000,0.092525,0.030364,0.075910,0.000000,0.231313,0.075910,0.151821,0.000000,0.462626,0.151821,0.303642,0.000000,0.925251,0.303642,0.759104,0.000000,2.313129,0.759104,1.518208,0.000000,4.626257,1.518208,3.036416,0.000000,9.252514,3.036416,15.182082,0.000000,46.262571,15.182082
Iowa,9,South,0.002961,0.003,0.003,0.002961,0.002961,0.002961,0.002906,0.2906,NEAR_ZERO,HIGH,NA,N,N,r6-proportional estimate,0.029524,0.029913,0.029913,0.029524,0.073810,0.074782,0.074782,0.073810,0.147620,0.149564,0.149564,0.147620,0.295240,0.299128,0.299128,0.295240,0.738099,0.747820,0.747820,0.738099,1.476198,1.495641,1.495641,1.476198,2.952395,2.991282,2.991282,2.952395,14.761977,14.956410,14.956410,14.761977
Saint Mary's,7,South,0.002961,0.0,0.0092,0.002961,0.002961,0.002961,0.0041789999999999996,0.4179,NEAR_ZERO,HIGH,NA,N,N,odds-proportional estimate,0.029486,0.000000,0.091616,0.029486,0.073716,0.000000,0.229039,0.073716,0.147431,0.000000,0.458078,0.147431,0.294863,0.000000,0.916155,0.294863,0.737156,0.000000,2.290388,0.737156,1.474313,0.000000,4.580777,1.474313,2.948626,0.000000,9.161553,2.948626,14.743130,0.000000,45.807766,14.743130
North Carolina,6,South,0.002961,0.0,0.0092,0.002961,0.002961,0.002961,0.005961999999999999,0.5962,NEAR_ZERO,HIGH,NA,N,N,odds-proportional estimate,0.029433,0.000000,0.091451,0.029433,0.073584,0.000000,0.228629,0.073584,0.147167,0.000000,0.457257,0.147167,0.294335,0.000000,0.914515,0.294335,0.735837,0.000000,2.286287,0.735837,1.471673,0.000000,4.572575,1.471673,2.943347,0.000000,9.145150,2.943347,14.716733,0.000000,45.725748,14.716733
BYU,6,West,0.002293,0.0,0.0085,0.002293,0.002293,0.002293,0.005106,0.5106,NEAR_ZERO,HIGH,NA,N,N,odds-proportional estimate,0.022813,0.000000,0.084566,0.022813,0.057032,0.000000,0.211415,0.057032,0.114065,0.000000,0.422830,0.114065,0.228129,0.000000,0.845660,0.228129,0.570323,0.000000,2.114150,0.570323,1.140646,0.000000,4.228300,1.140646,2.281292,0.000000,8.456599,2.281292,11.406460,0.000000,42.282995,11.406460
Texas,11,West,0.002047,0.002,0.002,0.002047,0.002047,0.002047,0.002245,0.2245,NEAR_ZERO,HIGH,NA,N,N,r6-proportional estimate,0.020424,0.019955,0.019955,0.020424,0.051060,0.049888,0.049888,0.051060,0.102120,0.099775,0.099775,0.102120,0.204240,0.199551,0.199551,0.204240,0.510601,0.498878,0.498878,0.510601,1.021202,0.997755,0.997755,1.021202,2.042404,1.995510,1.995510,2.042404,10.212022,9.977550,9.977550,10.212022
South Florida,11,East,0.001907,0.0019,0.0019,0.001907,0.001907,0.001907,0.0021360000000000003,0.2136,NEAR_ZERO,HIGH,NA,N,N,r6-proportional estimate,0.019029,0.018959,0.018959,0.019029,0.047573,0.047399,0.047399,0.047573,0.095146,0.094797,0.094797,0.095146,0.190293,0.189594,0.189594,0.190293,0.475732,0.473985,0.473985,0.475732,0.951463,0.947971,0.947971,0.951463,1.902927,1.895942,1.895942,1.902927,9.514633,9.479708,9.479708,9.514633
Texas A&M,10,South,0.001795,0.0018,0.0018,0.001795,0.001795,0.001795,0.0020469999999999998,0.2047,NEAR_ZERO,HIGH,NA,N,N,r6-proportional estimate,0.017913,0.017963,0.017963,0.017913,0.044783,0.044908,0.044908,0.044783,0.089566,0.089816,0.089816,0.089566,0.179133,0.179632,0.179632,0.179133,0.447831,0.449079,0.449079,0.447831,0.895663,0.898158,0.898158,0.895663,1.791326,1.796315,1.796315,1.791326,8.956628,8.981577,8.981577,8.956628
VCU,11,South,0.001795,0.0018,0.0018,0.001795,0.001795,0.001795,0.0020469999999999998,0.2047,NEAR_ZERO,HIGH,NA,N,N,r6-proportional estimate,0.017913,0.017963,0.017963,0.017913,0.044783,0.044908,0.044908,0.044783,0.089566,0.089816,0.089816,0.089566,0.179133,0.179632,0.179632,0.179133,0.447831,0.449079,0.449079,0.447831,0.895663,0.898158,0.898158,0.895663,1.791326,1.796315,1.796315,1.791326,8.956628,8.981577,8.981577,8.956628
Clemson,8,South,0.001795,0.0,0.008,0.001795,0.001795,0.001795,0.0041789999999999996,0.4179,NEAR_ZERO,HIGH,NA,N,N,odds-proportional estimate,0.017875,0.000000,0.079666,0.017875,0.044687,0.000000,0.199164,0.044687,0.089375,0.000000,0.398328,0.089375,0.178750,0.000000,0.796657,0.178750,0.446875,0.000000,1.991642,0.446875,0.893749,0.000000,3.983284,0.893749,1.787499,0.000000,7.966568,1.787499,8.937493,0.000000,39.832840,8.937493
Villanova,8,West,0.001638,0.0,0.0079,0.001638,0.001638,0.001638,0.00192,0.192,NEAR_ZERO,HIGH,NA,N,N,r6-proportional estimate,0.016349,0.000000,0.078848,0.016349,0.040871,0.000000,0.197121,0.040871,0.081743,0.000000,0.394242,0.081743,0.163486,0.000000,0.788483,0.163486,0.408714,0.000000,1.971208,0.408714,0.817428,0.000000,3.942416,0.817428,1.634855,0.000000,7.884832,1.634855,8.174275,0.000000,39.424160,8.174275
Utah State,9,West,0.001638,0.0016,0.0016,0.001638,0.001638,0.001638,0.00192,0.192,NEAR_ZERO,HIGH,NA,N,N,r6-proportional estimate,0.016349,0.015969,0.015969,0.016349,0.040871,0.039923,0.039923,0.040871,0.081743,0.079846,0.079846,0.081743,0.163486,0.159693,0.159693,0.163486,0.408714,0.399232,0.399232,0.408714,0.817428,0.798464,0.798464,0.817428,1.634855,1.596928,1.596928,1.634855,8.174275,7.984640,7.984640,8.174275
Missouri,10,West,0.001638,0.0016,0.0016,0.001638,0.001638,0.001638,0.00192,0.192,NEAR_ZERO,HIGH,NA,N,N,r6-proportional estimate,0.016349,0.015969,0.015969,0.016349,0.040871,0.039923,0.039923,0.040871,0.081743,0.079846,0.079846,0.081743,0.163486,0.159693,0.159693,0.163486,0.408714,0.399232,0.399232,0.408714,0.817428,0.798464,0.798464,0.817428,1.634855,1.596928,1.596928,1.634855,8.174275,7.984640,7.984640,8.174275
Miami,7,West,0.001638,0.0,0.0079,0.001638,0.001638,0.001638,0.003578,0.3578,NEAR_ZERO,HIGH,NA,N,N,odds-proportional estimate,0.016321,0.000000,0.078717,0.016321,0.040803,0.000000,0.196793,0.040803,0.081607,0.000000,0.393587,0.081607,0.163214,0.000000,0.787173,0.163214,0.408035,0.000000,1.967933,0.408035,0.816070,0.000000,3.935867,0.816070,1.632139,0.000000,7.871734,1.632139,8.160696,0.000000,39.358669,8.160696
Santa Clara,10,Midwest,0.001595,0.0016,0.0016,0.001595,0.001595,0.001595,0.001885,0.1885,NEAR_ZERO,HIGH,NA,N,N,r6-proportional estimate,0.015920,0.015970,0.015970,0.015920,0.039800,0.039925,0.039925,0.039800,0.079600,0.079849,0.079849,0.079600,0.159199,0.159698,0.159698,0.159199,0.397998,0.399246,0.399246,0.397998,0.795997,0.798492,0.798492,0.795997,1.591993,1.596984,1.596984,1.591993,7.959967,7.984920,7.984920,7.959967
M-OH/SMU,11,Midwest,0.001595,0.0016,0.0016,0.001595,0.001595,0.001595,0.001885,0.1885,NEAR_ZERO,LOW,NA,N,N,r6-proportional estimate,0.015920,0.015970,0.015970,0.015920,0.039800,0.039925,0.039925,0.039800,0.079600,0.079849,0.079849,0.079600,0.159199,0.159698,0.159698,0.159199,0.397998,0.399246,0.399246,0.397998,0.795997,0.798492,0.798492,0.795997,1.591993,1.596984,1.596984,1.591993,7.959967,7.984920,7.984920,7.959967
Georgia,8,Midwest,0.001595,0.0,0.0078,0.001595,0.001595,0.001595,0.003578,0.3578,NEAR_ZERO,HIGH,NA,N,N,odds-proportional estimate,0.015893,0.000000,0.077721,0.015893,0.039732,0.000000,0.194302,0.039732,0.079465,0.000000,0.388605,0.079465,0.158929,0.000000,0.777209,0.158929,0.397323,0.000000,1.943023,0.397323,0.794647,0.000000,3.886046,0.794647,1.589293,0.000000,7.772092,1.589293,7.946465,0.000000,38.860458,7.946465
TCU,9,East,0.001526,0.0015,0.0015,0.001526,0.001526,0.001526,0.001827,0.1827,NEAR_ZERO,HIGH,NA,N,N,r6-proportional estimate,0.015232,0.014973,0.014973,0.015232,0.038080,0.037431,0.037431,0.038080,0.076161,0.074863,0.074863,0.076161,0.152321,0.149726,0.149726,0.152321,0.380803,0.374315,0.374315,0.380803,0.761606,0.748630,0.748630,0.761606,1.523212,1.497259,1.497259,1.523212,7.616060,7.486298,7.486298,7.616060
Saint Louis,9,Midwest,0.000957,0.001,0.001,0.000957,0.000957,0.000957,0.001318,0.1318,NEAR_ZERO,HIGH,NA,N,N,r6-proportional estimate,0.009557,0.009987,0.009987,0.009557,0.023893,0.024967,0.024967,0.023893,0.047787,0.049934,0.049934,0.047787,0.095574,0.099868,0.099868,0.095574,0.238935,0.249671,0.249671,0.238935,0.477869,0.499341,0.499341,0.477869,0.955739,0.998682,0.998682,0.955739,4.778693,4.993410,4.993410,4.778693
UCF,10,East,0.000915,0.0009,0.0009,0.000915,0.000915,0.000915,0.0012770000000000001,0.1277,NEAR_ZERO,HIGH,NA,N,N,r6-proportional estimate,0.009138,0.008989,0.008989,0.009138,0.022846,0.022471,0.022471,0.022846,0.045692,0.044943,0.044943,0.045692,0.091383,0.089885,0.089885,0.091383,0.228458,0.224713,0.224713,0.228458,0.456916,0.449425,0.449425,0.456916,0.913832,0.898851,0.898851,0.913832,4.569158,4.494254,4.494254,4.569158
McNeese,12,South,0.000897,0.0009,0.0009,0.000897,0.000897,0.000897,0.00126,0.126,NEAR_ZERO,HIGH,NA,N,N,r6-proportional estimate,0.008959,0.008989,0.008989,0.008959,0.022397,0.022472,0.022472,0.022397,0.044793,0.044943,0.044943,0.044793,0.089587,0.089887,0.089887,0.089587,0.223967,0.224716,0.224716,0.223967,0.447935,0.449433,0.449433,0.447935,0.895870,0.898866,0.898866,0.895870,4.479349,4.494330,4.494330,4.479349
Akron,12,Midwest,0.000797,0.0008,0.0008,0.000797,0.000797,0.000797,0.00116,0.116,NEAR_ZERO,HIGH,NA,N,N,r6-proportional estimate,0.007961,0.007991,0.007991,0.007961,0.019902,0.019977,0.019977,0.019902,0.039804,0.039954,0.039954,0.039804,0.079608,0.079907,0.079907,0.079608,0.199019,0.199768,0.199768,0.199019,0.398038,0.399536,0.399536,0.398038,0.796075,0.799072,0.799072,0.796075,3.980377,3.995360,3.995360,3.980377
Penn,14,South,0.000628,0.0006,0.0006,0.000628,0.000628,0.000628,0.000982,0.0982,NEAR_ZERO,HIGH,NA,N,N,r6-proportional estimate,0.006274,0.005994,0.005994,0.006274,0.015685,0.014985,0.014985,0.015685,0.031369,0.029971,0.029971,0.031369,0.062738,0.059941,0.059941,0.062738,0.156846,0.149853,0.149853,0.156846,0.313692,0.299705,0.299705,0.313692,0.627383,0.599411,0.599411,0.627383,3.136917,2.997054,2.997054,3.136917
