contest_name,contest_year,date,track,race_number,horse_name,morning_line_odds,actual_odds_at_post,result,finishing_position,margin,running_position_1st_call,running_position_2nd_call,running_position_stretch,running_position_finish,beaten_lengths_1st_call,beaten_lengths_2nd_call,beaten_lengths_stretch,beaten_lengths_finish,fractional_times,final_time,distance,track_condition,beyer_speed_figure,field_size,trip_trouble_notes,source
NHC Championship (27th),2026,2026-03-15,Santa Anita,5,Crazy Cavalier,10-1,10-1,win,1st,won by ~1 length,,,,,"unhurried early; moved into two path",,"advanced three then four wide on the turn","rallied from outside; fought five deep into last sixteenth; proved best late",":22.7, :46.92, 1:10.91, 1:22.89",1:35.03,1 Mile,Turf,113,8 (1 scratch from 9 entries),Unhurried early; two path; three then four wide on turn; rallied from outside; five deep into last 1/16; proved best late,"https://entries.horseracingnation.com/entries-results/santa-anita/2026-03-15; https://www.americasbestracing.net/gambling/2026-dylan-donnelly-wins-2026-national-horseplayers-championship-84-cents-thriller"
NHC Championship (27th) — pre-tournament public pick,2026,2026-03-07,Santa Anita,10,British Isles,6-1,7-1 (7.20-1),win,1st,4 1/2 lengths,3rd,,,,stalked top pair from off rail,inched closer three wide on backstretch,challenged three deep; seized command,kicked clear; extended under right-handed encouragement,":22.86, :46.63, 1:11.31",2:05.17,1 1/4 Miles,Fast (dirt),,5,Stalked top pair off rail early; three wide on backstretch; challenged three deep between rivals; re-bid three deep at quarter pole; seized command shortly after; kicked clear upper stretch; extended margin under right-handed encouragement,"https://www.thoroughbreddailynews.com/justifys-british-isles-wins-santa-anitas-big-cap/; https://www.americasbestracing.net/the-sport/2026-2026-santa-anita-handicap-glance"
BCBC (12th annual),2020,2020-11-06,Keeneland,,,,,,,,,,,,,,,,,,,,,"No individual picks documented. 3rd place finish; 136,200 points. Source: https://www.horseracingnation.com/news/Breeders_Cup_Betting_Challenge_champ_wins_492_750_123"
BCBC (12th annual),2020,2020-11-07,Keeneland,,,,,,,,,,,,,,,,,,,,,"No individual picks documented. 3rd place finish. Source: https://www.horseracingnation.com/news/Breeders_Cup_Betting_Challenge_champ_wins_492_750_123"
NHC Championship (26th),2025,,,,,,,,,,,,,,,,,,,,,,,"No individual picks documented. 5th place; $298.86 bankroll. Source: https://www.americasbestracing.net/gambling/2025-chicagos-dan-piazza-goes-wire-wire-win-2025-national-horseplayers-championship"
NHC qualifying feeder — Monmouth Pick Your Prize,2023,2023-06-03,Monmouth Park,8,,,,,,,,,,,,,,,,,,,,"Horse names not documented. $400 winning DD starting R8. Source: https://www.monmouthpark.com/news-notes/dylan-donnelly-takes-23-pick-your-prize-299-entries-establishes-new-contest-record/"
NHC qualifying feeder — Monmouth Pick Your Prize,2023,2023-06-03,Monmouth Park,11,,,,,,,,,,,,,,,,,,,,"Horse names not documented. $800 winning DD starting R11. Source: https://www.monmouthpark.com/news-notes/dylan-donnelly-takes-23-pick-your-prize-299-entries-establishes-new-contest-record/"
NHC qualifying feeder — HorseTourneys Florida Derby Day cash tourney,2020,2020-03-28,,,,,,,,,,,,,,,,,,,,,,"1st place; 7/12 winners; $20,524; includes Tiz the Law. No individual race data. Source: https://blog.horsetourneys.com/2020/03/30/"
NHC qualifying feeder — HorseTourneys NHC Qualifier,2020,2020-03-28,,,,,,,,,,,,,,,,,,,,,,"1st place; NHC seat; 8 winners. No individual race data. Source: https://blog.horsetourneys.com/2020/03/30/"
NHC qualifying feeder — HorseTourneys $10K Pick & Pray,2020,2020-03-29,,,,,,,,,,,,,,,,,,,,,,"1st place; $10,017; 7 winners. No individual race data. Source: https://blog.horsetourneys.com/2020/03/30/"
NHC qualifying feeder — HorseTourneys $21K cash game,2020,2020-05-22,,,,,,,,,,,,,,,,,,,,,,"1st place; 7/10 winners. No individual race data. Source: https://blog.horsetourneys.com/2020/06/15/"
NHC qualifying feeder — Xpressbet Belmont Stakes Challenge Qualifier,2020,2020-06-14,,,,,,,,,,,,,,,,,,,,,,"1st place; 10 wins 1 place out of 12; $3,000 NHC entry. No individual race data. Source: https://blog.horsetourneys.com/2020/06/15/"
NHC qualifying feeder — HorseTourneys Big Bucks Pick & Pray (contest-level),2020,2020-06-14,,,,,,,,,,,,,,,,,,,,,,"1st place; 5 winners 2 places. Source: https://blog.horsetourneys.com/2020/06/15/"
NHC qualifying feeder — HorseTourneys Big Bucks Pick & Pray,2020,2020-06-14,Golden Gate Fields,10,Irish Heatwave,,2.4-1 (from $6.80 payout),win,1st,,,,,,,,,,,1 Mile,Turf,,7,No trip notes available. Trained by Doug O'Neill; jockey Kyle Frey. Paid $6.80/$4.00/$3.40.,"https://www.horseracing.net/us/results/golden-gate-fields/06-14-2020/race-10; https://blog.horsetourneys.com/2020/06/15/"
NHC qualifying feeder — HorseTourneys $15K Pick & Pray,2020,2020-06-21,,,,,,,,,,,,,,,,,,,,,,"1st place; $10,406. No individual race data. Source: https://blog.horsetourneys.com/2020/06/22/"
NHC qualifying feeder — HorseTourneys Exacta Extravaganza,2021,2021-09-12,Woodbine,11,Hallie's Hero,,9-1,win,1st (exacta leg),,,,,,,,,,,,,,,"Exacta box with Abbaa paid $152.20. No detailed running line data findable for this race. Source: https://blog.horsetourneys.com/2021/09/13/"
NHC qualifying feeder — HorseTourneys Exacta Extravaganza,2021,2021-09-12,Woodbine,11,Abbaa,,9-1,win,2nd (exacta leg),,,,,,,,,,,,,,,"Exacta box with Hallie's Hero paid $152.20. No detailed running line data findable for this race. Source: https://blog.horsetourneys.com/2021/09/13/"
NHC qualifying feeder — HorseTourneys Del Mar Summer Challenge Qualifier,2023,2023-07-04,Belmont,8,I'm Buzzy,,10-1,win,1st,,,,,,,,,,,6 Furlongs,Sloppy (dirt),,7 (2 scratches from 9),"No running position data available. Trained by Chris Englehart; jockey Dylan Davis. Paid $27.20 win, $9.10 place. 2nd Icy Stare Down (2/1 fav); 3rd Awesome Indra (11/2).","https://www.sportinglife.com/racing/results/2023-07-04/belmont-park/746813/race-8-claiming; https://blog.horsetourneys.com/2023/07/05/"
NHC qualifying feeder — Tampa Bay High Rollers,2026,2026-02-21,Tampa Bay Downs,,,,,,,,,,,,,,,,,,,,,"5th place; $2,245. No individual picks documented. Source: https://agameofskill.com/tampa-bay-handicapping-contest-won-by-veteran-horseplayer/"
