team_name,team_seed,region,historical_seed_winrate_r1,vegas_r1_prob,r1_deviation_from_historical,high_uncertainty_flag_r1,historical_advancement_rate_r3,historical_stdev_r3,vegas_prob_r3,implied_uncertainty_low_r3,implied_uncertainty_high_r3,historical_advancement_rate_r4,historical_stdev_r4,vegas_prob_r4,implied_uncertainty_low_r4,implied_uncertainty_high_r4,historical_advancement_rate_r5,historical_stdev_r5,vegas_prob_r5,implied_uncertainty_low_r5,implied_uncertainty_high_r5,historical_advancement_rate_r6,historical_stdev_r6,vegas_prob_r6,implied_uncertainty_low_r6,implied_uncertainty_high_r6
Arizona,1,West,0.9875,0.9808,-0.0067,N,0.6687,0.0372,0.5363,0.4991,0.5735,0.4125,0.0389,0.4678,0.4288,0.5067,0.2562,0.0345,0.2944,0.2599,0.3289,0.1625,0.0292,0.1706,0.1414,0.1997
Michigan,1,Midwest,0.9875,0.9761,-0.0114,N,0.6687,0.0372,0.6372,0.5999,0.6744,0.4125,0.0389,0.4794,0.4405,0.5183,0.2562,0.0345,0.3040,0.2695,0.3385,0.1625,0.0292,0.1697,0.1405,0.1989
Duke,1,East,0.9875,0.9728,-0.0147,N,0.6687,0.0372,0.6153,0.5781,0.6525,0.4125,0.0389,0.4824,0.4435,0.5214,0.2562,0.0345,0.2945,0.2600,0.3290,0.1625,0.0292,0.1659,0.1367,0.1950
Florida,1,South,0.9875,0.9537,-0.0338,N,0.6687,0.0372,0.4602,0.4230,0.4975,0.4125,0.0389,0.3204,0.2815,0.3593,0.2562,0.0345,0.1818,0.1473,0.2163,0.1625,0.0292,0.1055,0.0764,0.1347
Houston,2,South,0.9313,0.9578,+0.0265,N,0.4500,0.0393,0.3561,0.3168,0.3955,0.2000,0.0316,0.2425,0.2109,0.2742,0.0813,0.0216,0.1423,0.1207,0.1639,0.0312,0.0138,0.0690,0.0553,0.0828
Iowa State,2,Midwest,0.9313,0.9578,+0.0265,N,0.4500,0.0393,0.4549,0.4155,0.4942,0.2000,0.0316,0.2459,0.2143,0.2775,0.0813,0.0216,0.0911,0.0695,0.1127,0.0312,0.0138,0.0419,0.0282,0.0557
Illinois,3,South,0.8562,0.9539,+0.0977,N,0.2562,0.0345,0.3399,0.3054,0.3744,0.1062,0.0244,0.2070,0.1827,0.2314,0.0688,0.0200,0.0909,0.0709,0.1109,0.0250,0.0123,0.0390,0.0267,0.0514
Purdue,2,West,0.9313,0.9578,+0.0265,N,0.4500,0.0393,0.3568,0.3174,0.3961,0.2000,0.0316,0.1864,0.1548,0.2180,0.0813,0.0216,0.0810,0.0594,0.1026,0.0312,0.0138,0.0315,0.0178,0.0453
UConn,2,East,0.9313,0.9463,+0.0151,N,0.4500,0.0393,0.3173,0.2780,0.3566,0.2000,0.0316,0.1200,0.0884,0.1516,0.0813,0.0216,0.0505,0.0289,0.0721,0.0312,0.0138,0.0294,0.0156,0.0431
Michigan St,3,East,0.8562,0.9124,+0.0562,N,0.2562,0.0345,0.2855,0.2510,0.3200,0.1062,0.0244,0.1050,0.0806,0.1293,0.0688,0.0200,0.0393,0.0193,0.0593,0.0250,0.0123,0.0137,0.0013,0.0260
Gonzaga,3,West,0.8562,0.9357,+0.0795,N,0.2562,0.0345,0.2813,0.2468,0.3158,0.1062,0.0244,0.1429,0.1186,0.1673,0.0688,0.0200,0.0426,0.0226,0.0626,0.0250,0.0123,0.0134,0.0011,0.0258
Arkansas,4,West,0.7937,0.8989,+0.1052,N,0.1562,0.0287,0.1330,0.1043,0.1617,0.0938,0.0230,0.0714,0.0484,0.0945,0.0250,0.0123,0.0261,0.0138,0.0385,0.0125,0.0088,0.0134,0.0046,0.0222
Kansas,4,East,0.7937,0.8870,+0.0933,N,0.1562,0.0287,0.1142,0.0855,0.1429,0.0938,0.0230,0.0525,0.0294,0.0755,0.0250,0.0123,0.0228,0.0105,0.0352,0.0125,0.0088,0.0125,0.0037,0.0213
Vanderbilt,5,South,0.6438,0.8400,+0.1962,Y,0.0750,0.0208,0.1662,0.1454,0.1870,0.0563,0.0182,0.0707,0.0525,0.0889,0.0250,0.0123,0.0264,0.0141,0.0388,0.0000,0.0000,0.0118,0.0118,0.0118
Virginia,3,Midwest,0.8562,0.9311,+0.0749,N,0.2562,0.0345,0.1963,0.1618,0.2308,0.1062,0.0244,0.0707,0.0463,0.0950,0.0688,0.0200,0.0250,0.0050,0.0450,0.0250,0.0123,0.0105,0.0000,0.0229
St John's,5,East,0.6438,0.8250,+0.1812,Y,0.0750,0.0208,0.1490,0.1281,0.1698,0.0563,0.0182,0.0840,0.0658,0.1022,0.0250,0.0123,0.0336,0.0213,0.0460,0.0000,0.0000,0.0101,0.0101,0.0101
Wisconsin,5,West,0.6438,0.8000,+0.1562,Y,0.0750,0.0208,0.1125,0.0917,0.1333,0.0563,0.0182,0.0536,0.0354,0.0718,0.0250,0.0123,0.0225,0.0102,0.0348,0.0000,0.0000,0.0081,0.0081,0.0081
Nebraska,4,South,0.7937,0.8721,+0.0784,N,0.1562,0.0287,0.1496,0.1209,0.1783,0.0938,0.0230,0.0707,0.0477,0.0938,0.0250,0.0123,0.0200,0.0076,0.0323,0.0125,0.0088,0.0074,0.0000,0.0162
Texas Tech,5,Midwest,0.6438,0.7409,+0.0971,N,0.0750,0.0208,0.1150,0.0942,0.1358,0.0563,0.0182,0.0472,0.0289,0.0654,0.0250,0.0123,0.0215,0.0092,0.0339,0.0000,0.0000,0.0061,0.0061,0.0061
Tennessee,6,Midwest,0.6125,0.7258,+0.1133,N,0.1062,0.0244,0.1610,0.1366,0.1853,0.0187,0.0107,0.0606,0.0498,0.0713,0.0125,0.0088,0.0189,0.0101,0.0277,0.0063,0.0062,0.0061,0.0000,0.0123
Louisville,6,East,0.6125,0.6636,+0.0511,N,0.1062,0.0244,0.1862,0.1619,0.2106,0.0187,0.0107,0.0600,0.0492,0.0707,0.0125,0.0088,0.0228,0.0140,0.0316,0.0063,0.0062,0.0050,0.0000,0.0113
Alabama,4,Midwest,0.7937,0.8525,+0.0588,N,0.1562,0.0287,0.0946,0.0659,0.1233,0.0938,0.0230,0.0369,0.0139,0.0599,0.0250,0.0123,0.0127,0.0004,0.0251,0.0125,0.0088,0.0044,0.0000,0.0132
UCLA,7,East,0.6125,0.6854,+0.0729,N,0.0625,0.0191,0.1317,0.1126,0.1509,0.0187,0.0107,0.0365,0.0258,0.0473,0.0063,0.0062,0.0126,0.0064,0.0189,0.0063,0.0062,0.0042,0.0000,0.0104
Kentucky,7,Midwest,0.6125,0.5934,-0.0191,N,0.0625,0.0191,0.1238,0.1046,0.1429,0.0187,0.0107,0.0184,0.0077,0.0291,0.0063,0.0062,0.0085,0.0023,0.0148,0.0063,0.0062,0.0032,0.0000,0.0094
Ohio State,8,East,0.4813,0.5635,+0.0822,N,0.0563,0.0182,0.0714,0.0531,0.0896,0.0375,0.0150,0.0323,0.0173,0.0474,0.0250,0.0123,0.0116,0.0000,0.0239,0.0063,0.0062,0.0031,0.0000,0.0093
North Carolina,6,South,0.6125,0.5635,-0.0490,N,0.1062,0.0244,0.1069,0.0825,0.1312,0.0187,0.0107,0.0139,0.0032,0.0246,0.0125,0.0088,0.0045,0.0000,0.0133,0.0063,0.0062,0.0030,0.0000,0.0092
Saint Mary's,7,South,0.6125,0.5934,-0.0191,N,0.0625,0.0191,0.1626,0.1435,0.1817,0.0187,0.0107,0.0236,0.0129,0.0343,0.0063,0.0062,0.0108,0.0046,0.0170,0.0063,0.0062,0.0030,0.0000,0.0092
Iowa,9,South,0.5188,0.5514,+0.0326,N,0.0312,0.0138,0.0935,0.0797,0.1072,0.0125,0.0088,0.0184,0.0096,0.0272,0.0000,0.0000,0.0058,0.0058,0.0058,0.0000,0.0000,0.0030,0.0030,0.0030
BYU,6,West,0.6125,0.5721,-0.0404,N,0.1062,0.0244,0.1463,0.1219,0.1706,0.0187,0.0107,0.0141,0.0033,0.0248,0.0125,0.0088,0.0062,0.0000,0.0149,0.0063,0.0062,0.0023,0.0000,0.0085
Texas,11,West,0.3875,0.4279,+0.0404,N,0.0625,0.0191,0.0975,0.0784,0.1166,0.0375,0.0150,0.0121,0.0000,0.0271,0.0000,0.0000,0.0040,0.0040,0.0040,0.0000,0.0000,0.0020,0.0020,0.0020
South Florida,11,East,0.3875,0.3364,-0.0511,N,0.0625,0.0191,0.0408,0.0216,0.0599,0.0375,0.0150,0.0103,0.0000,0.0253,0.0000,0.0000,0.0035,0.0035,0.0035,0.0000,0.0000,0.0019,0.0019,0.0019
Clemson,8,South,0.4813,0.4486,-0.0327,N,0.0563,0.0182,0.0880,0.0697,0.1062,0.0375,0.0150,0.0129,0.0000,0.0279,0.0250,0.0123,0.0074,0.0000,0.0197,0.0063,0.0062,0.0018,0.0000,0.0080
Texas A&M,10,South,0.3875,0.4066,+0.0191,N,0.0563,0.0182,0.0182,0.0000,0.0365,0.0063,0.0062,0.0060,0.0000,0.0123,0.0000,0.0000,0.0020,0.0020,0.0020,0.0000,0.0000,0.0018,0.0018,0.0018
VCU,11,South,0.3875,0.4365,+0.0490,N,0.0625,0.0191,0.0242,0.0050,0.0433,0.0375,0.0150,0.0056,0.0000,0.0206,0.0000,0.0000,0.0027,0.0027,0.0027,0.0000,0.0000,0.0018,0.0018,0.0018
Miami,7,West,0.6125,0.5427,-0.0698,N,0.0625,0.0191,0.1463,0.1271,0.1654,0.0187,0.0107,0.0168,0.0061,0.0275,0.0063,0.0062,0.0067,0.0005,0.0130,0.0063,0.0062,0.0016,0.0000,0.0079
Villanova,8,West,0.4813,0.4675,-0.0137,N,0.0563,0.0182,0.0696,0.0514,0.0878,0.0375,0.0150,0.0113,0.0000,0.0263,0.0250,0.0123,0.0045,0.0000,0.0168,0.0063,0.0062,0.0016,0.0000,0.0079
Utah State,9,West,0.5188,0.5325,+0.0137,N,0.0312,0.0138,0.0665,0.0527,0.0802,0.0125,0.0088,0.0094,0.0006,0.0182,0.0000,0.0000,0.0040,0.0040,0.0040,0.0000,0.0000,0.0016,0.0016,0.0016
Missouri,10,West,0.3875,0.4573,+0.0698,N,0.0563,0.0182,0.0236,0.0054,0.0418,0.0063,0.0062,0.0065,0.0003,0.0127,0.0000,0.0000,0.0032,0.0032,0.0032,0.0000,0.0000,0.0016,0.0016,0.0016
Georgia,8,Midwest,0.4813,0.5721,+0.0909,N,0.0563,0.0182,0.0805,0.0623,0.0987,0.0375,0.0150,0.0129,0.0000,0.0279,0.0250,0.0123,0.0039,0.0000,0.0162,0.0063,0.0062,0.0016,0.0000,0.0078
Santa Clara,10,Midwest,0.3875,0.4066,+0.0191,N,0.0563,0.0182,0.0619,0.0437,0.0801,0.0063,0.0062,0.0112,0.0050,0.0174,0.0000,0.0000,0.0039,0.0039,0.0039,0.0000,0.0000,0.0016,0.0016,0.0016
M-OH/SMU,11,Midwest,0.3875,0.2742,-0.1133,N,0.0625,0.0191,0.0080,0.0000,0.0271,0.0375,0.0150,0.0047,0.0000,0.0197,0.0000,0.0000,0.0031,0.0031,0.0031,0.0000,0.0000,0.0016,0.0016,0.0016
TCU,9,East,0.5188,0.4365,-0.0823,N,0.0312,0.0138,0.0238,0.0101,0.0376,0.0125,0.0088,0.0064,0.0000,0.0152,0.0000,0.0000,0.0020,0.0020,0.0020,0.0000,0.0000,0.0015,0.0015,0.0015
Saint Louis,9,Midwest,0.5188,0.4279,-0.0909,N,0.0312,0.0138,0.0260,0.0122,0.0398,0.0125,0.0088,0.0049,0.0000,0.0137,0.0000,0.0000,0.0026,0.0026,0.0026,0.0000,0.0000,0.0010,0.0010,0.0010
UCF,10,East,0.3875,0.3146,-0.0729,N,0.0563,0.0182,0.0168,0.0000,0.0350,0.0063,0.0062,0.0018,0.0000,0.0081,0.0000,0.0000,0.0012,0.0012,0.0012,0.0000,0.0000,0.0009,0.0009,0.0009
McNeese,12,South,0.3563,0.1600,-0.1963,Y,0.0125,0.0088,0.0147,0.0059,0.0234,0.0000,0.0000,0.0028,0.0028,0.0028,0.0000,0.0000,0.0020,0.0020,0.0020,0.0000,0.0000,0.0009,0.0009,0.0009
Akron,12,Midwest,0.3563,0.2591,-0.0972,N,0.0125,0.0088,0.0158,0.0070,0.0246,0.0000,0.0000,0.0017,0.0017,0.0017,0.0000,0.0000,0.0011,0.0011,0.0011,0.0000,0.0000,0.0008,0.0008,0.0008
Penn,14,South,0.1437,0.0461,-0.0976,N,0.0000,0.0000,0.0037,0.0037,0.0037,0.0000,0.0000,0.0012,0.0012,0.0012,0.0000,0.0000,0.0008,0.0008,0.0008,0.0000,0.0000,0.0006,0.0006,0.0006
Troy,13,South,0.2062,0.1279,-0.0783,N,0.0000,0.0000,0.0114,0.0114,0.0114,0.0000,0.0000,0.0017,0.0017,0.0017,0.0000,0.0000,0.0010,0.0010,0.0010,0.0000,0.0000,0.0004,0.0004,0.0004
Idaho,15,South,0.0688,0.0422,-0.0266,N,0.0063,0.0062,0.0034,0.0000,0.0096,0.0000,0.0000,0.0014,0.0014,0.0014,0.0000,0.0000,0.0008,0.0008,0.0008,0.0000,0.0000,0.0004,0.0004,0.0004
PV/LEH,16,South,0.0125,0.0463,+0.0338,N,0.0000,0.0000,0.0015,0.0015,0.0015,0.0000,0.0000,0.0010,0.0010,0.0010,0.0000,0.0000,0.0008,0.0008,0.0008,0.0000,0.0000,0.0004,0.0004,0.0004
High Point,12,West,0.3563,0.2000,-0.1562,Y,0.0125,0.0088,0.0120,0.0032,0.0208,0.0000,0.0000,0.0021,0.0021,0.0021,0.0000,0.0000,0.0014,0.0014,0.0014,0.0000,0.0000,0.0004,0.0004,0.0004
Hawai'i,13,West,0.2062,0.1011,-0.1051,N,0.0000,0.0000,0.0085,0.0085,0.0085,0.0000,0.0000,0.0017,0.0017,0.0017,0.0000,0.0000,0.0010,0.0010,0.0010,0.0000,0.0000,0.0004,0.0004,0.0004
Kennesaw St,14,West,0.1437,0.0643,-0.0794,N,0.0000,0.0000,0.0052,0.0052,0.0052,0.0000,0.0000,0.0015,0.0015,0.0015,0.0000,0.0000,0.0008,0.0008,0.0008,0.0000,0.0000,0.0004,0.0004,0.0004
Queens,15,West,0.0688,0.0422,-0.0266,N,0.0063,0.0062,0.0033,0.0000,0.0095,0.0000,0.0000,0.0015,0.0015,0.0015,0.0000,0.0000,0.0008,0.0008,0.0008,0.0000,0.0000,0.0004,0.0004,0.0004
Long Island,16,West,0.0125,0.0192,+0.0067,N,0.0000,0.0000,0.0015,0.0015,0.0015,0.0000,0.0000,0.0009,0.0009,0.0009,0.0000,0.0000,0.0008,0.0008,0.0008,0.0000,0.0000,0.0004,0.0004,0.0004
Hofstra,13,Midwest,0.2062,0.1475,-0.0587,N,0.0000,0.0000,0.0144,0.0144,0.0144,0.0000,0.0000,0.0021,0.0021,0.0021,0.0000,0.0000,0.0013,0.0013,0.0013,0.0000,0.0000,0.0004,0.0004,0.0004
Wright St,14,Midwest,0.1437,0.0689,-0.0748,N,0.0000,0.0000,0.0061,0.0061,0.0061,0.0000,0.0000,0.0010,0.0010,0.0010,0.0000,0.0000,0.0008,0.0008,0.0008,0.0000,0.0000,0.0004,0.0004,0.0004
Tennessee St,15,Midwest,0.0688,0.0422,-0.0266,N,0.0063,0.0062,0.0027,0.0000,0.0089,0.0000,0.0000,0.0010,0.0010,0.0010,0.0000,0.0000,0.0008,0.0008,0.0008,0.0000,0.0000,0.0004,0.0004,0.0004
Howard,16,Midwest,0.0125,0.0239,+0.0114,N,0.0000,0.0000,0.0020,0.0020,0.0020,0.0000,0.0000,0.0014,0.0014,0.0014,0.0000,0.0000,0.0008,0.0008,0.0008,0.0000,0.0000,0.0004,0.0004,0.0004
Northern Iowa,12,East,0.3563,0.1750,-0.1813,Y,0.0125,0.0088,0.0209,0.0121,0.0297,0.0000,0.0000,0.0034,0.0034,0.0034,0.0000,0.0000,0.0020,0.0020,0.0020,0.0000,0.0000,0.0004,0.0004,0.0004
CA Baptist,13,East,0.2062,0.1130,-0.0932,N,0.0000,0.0000,0.0113,0.0113,0.0113,0.0000,0.0000,0.0017,0.0017,0.0017,0.0000,0.0000,0.0007,0.0007,0.0007,0.0000,0.0000,0.0004,0.0004,0.0004
N Dakota St,14,East,0.1437,0.0876,-0.0561,N,0.0000,0.0000,0.0085,0.0085,0.0085,0.0000,0.0000,0.0017,0.0017,0.0017,0.0000,0.0000,0.0014,0.0014,0.0014,0.0000,0.0000,0.0004,0.0004,0.0004
Furman,15,East,0.0688,0.0537,-0.0151,N,0.0063,0.0062,0.0050,0.0000,0.0112,0.0000,0.0000,0.0010,0.0010,0.0010,0.0000,0.0000,0.0007,0.0007,0.0007,0.0000,0.0000,0.0004,0.0004,0.0004
Siena,16,East,0.0125,0.0272,+0.0147,N,0.0000,0.0000,0.0024,0.0024,0.0024,0.0000,0.0000,0.0010,0.0010,0.0010,0.0000,0.0000,0.0007,0.0007,0.0007,0.0000,0.0000,0.0004,0.0004,0.0004
